date,published_at,source_id,source_name,author,content,title,url,url_image
2021-08-04,2021-08-04T06:26:00,reuters,Reuters,Abhinav Ramnarayan,"Representations of cryptocurrencies Bitcoin, Ethereum, DogeCoin, Ripple, Litecoin are placed on PC motherboard in this illustration taken, June 29, 2021. REUTERS/Dado Ruvic/IllustrationLONDON, Aug 4 … [+2521 chars]",Rothschild-backed RIT co-leads funding for crypto platform Aspen Digital - Reuters,https://www.reuters.com/technology/rothschild-backed-rit-co-leads-funding-crypto-platform-aspen-digital-2021-08-04/,https://www.reuters.com/resizer/KWeO_uzi4ZJF4eFmoN3S4unMEPM=/1200x628/smart/filters:quality(80)/cloudfront-us-east-2.images.arcpublishing.com/reuters/Y5DHY7VEKBJ2VISD6DEX577MQY.jpg
2021-08-04,2021-08-04T17:17:43,business-insider,Business Insider,ilee@insider.com (Isabelle Lee),"Maxim Kimerling\TASS via Getty Images
Russia plans to build a bitcoin monitoring tool to track cryptocurrency wallets possibly linked to criminal activities as well as terrorism financing, CoinDesk … [+1165 chars]",Russia plans to build a bitcoin tracking tool to monitor crypto wallets linked to crime and terrorism,https://markets.businessinsider.com/news/stocks/russia-bitcoin-tracking-tool-monitor-crime-terrorism-cryptocurrency-btc-cryptocurrency-2021-8,https://images2.markets.businessinsider.com/610ab7c6c31de700184a327e?format=jpeg
2021-08-04,2021-08-04T14:21:24,business-insider,Business Insider,cshumba@insider.com (Camomile Shumba ),"Basketball Olympics
Thomas Coex
NBA Top Shot will sell highlights from the upcoming Summer League basketball competition as non-fungible tokens for the first time, it said on Tuesday.
The NFTs wil… [+1847 chars]",NBA Top Shots creator Dapper Labs will offer NFTs of highlights of this year's Summer League basketball games,https://markets.businessinsider.com/news/currencies/nba-top-shots-creator-dapper-labs-to-offer-summer-league-nfts-2021-8,https://images2.markets.businessinsider.com/610a88c8c31de700184a22be?format=jpeg
2021-08-04,2021-08-04T13:46:40,vice-news,Vice News,"Mathew di Salvo, Jordan Pearson","Thousands of Bitcoiners in June descended on Miami for Bitcoin 2021, a semi-religious event that celebrated all things related to the world’s biggest cryptocurrency. Speakers included Twitter and Squ… [+3273 chars]",Miami Launches 'MiamiCoin' to Make Millions and Fund the Police,https://www.vice.com/en/article/v7eqa9/miami-launches-miamicoin-to-make-millions-and-fund-the-police,https://video-images.vice.com/articles/610a99563d9f5d009316ae88/lede/1628084718383-gettyimages-1321730005.jpeg?image-resize-opts=Y3JvcD0xeHc6MC44NDM3NXhoO2NlbnRlcixjZW50ZXImcmVzaXplPTEyMDA6KiZyZXNpemU9MTIwMDoq
2021-08-04,2021-08-04T18:36:37,,BeInCrypto,Matthew De Saro,"August
4, 2021
3 min read
This story originally appeared on be[IN]cryptoThe community activation of mining for MiamiCoin is live, and the coin will soon be available for trading on Okcoin. 
In a … [+2452 chars]",CityCoins Announces Launch of MiamiCoin With First Exchange Confirmed,https://beincrypto.com/citycoins-announces-launch-of-miamicoin/,https://assets.entrepreneur.com/providers/be-in-crypto/hero-image-be-in-crypto-379387.jpeg
2021-08-04,2021-08-04T19:32:00,reuters,Reuters,David Henry,"A U.S. dollar banknote is seen in this illustration taken May 26, 2020. REUTERS/Dado Ruvic/IllustrationNEW YORK, Aug 4 (Reuters) - The dollar held gains on Wednesday after a quick recovery from an ea… [+3328 chars]",Dollar rebound holds as yields steady ahead of jobs data - Reuters,https://www.reuters.com/business/dollar-rebound-holds-yields-steady-ahead-jobs-data-2021-08-04/,https://www.reuters.com/resizer/eDI90wQzKgFB-q_fyKZyfKFVAQA=/1200x628/smart/filters:quality(80)/cloudfront-us-east-2.images.arcpublishing.com/reuters/XSH2H2CXY5JA5I6P63WV3476KY.jpg
2021-08-04,2021-08-04T16:38:00,reuters,Reuters,David Henry,"NEW YORK, Aug 4 (Reuters) - The dollar recovered quickly from a fall on Wednesday when comments from a top U.S. Federal Reserve official appeared to suggest that the central bank may reduce support f… [+3257 chars]",Dollar swings with yields in markets nervous ahead of jobs data - Reuters,https://www.reuters.com/business/dollar-swings-with-yields-markets-nervous-ahead-jobs-data-2021-08-04/,https://www.reuters.com/resizer/eDI90wQzKgFB-q_fyKZyfKFVAQA=/1200x628/smart/filters:quality(80)/cloudfront-us-east-2.images.arcpublishing.com/reuters/XSH2H2CXY5JA5I6P63WV3476KY.jpg
2021-08-04,2021-08-04T21:27:00,reuters,Reuters,Jody Godoy,"Representations of cryptocurrency Bitcoin are seen in this picture illustration. REUTERS/Edgar Su/Illustration/File Photo
<ul><li>
Summary</li><li>
Companies</li><li>
Law firms</li><li>
Related … [+2443 chars]","Calif. fintech, founders settle SEC crypto fraud claims - Reuters",https://www.reuters.com/legal/transactional/calif-fintech-founders-settle-sec-crypto-fraud-claims-2021-08-04/,https://www.reuters.com/resizer/LcnGvi5sh8VWWqo7vm6NoHwCDOQ=/1200x628/smart/filters:quality(80)/cloudfront-us-east-2.images.arcpublishing.com/reuters/F32JNXDLTRP7BJ4YAY7XD3QIEE.jpg
2021-08-04,2021-08-04T14:00:17,,VentureBeat,Dean Takahashi,"All the sessions from Transform 2021 are available on-demand now. Watch now.
Luxury clothing brand Burberry is dropping its non-fungible token (NFT) collection in Mythical Games Blankos Block Party … [+1134 chars]",Mythical launches Burberry NFTs in Blankos Block Party,https://venturebeat.com/2021/08/04/mythical-launches-burberry-nfts-in-blankos-block-party-2/,https://venturebeat.com/wp-content/uploads/2021/08/burberry-2.jpg?w=1200&strip=all
2021-08-04,2021-08-04T10:09:00,reuters,Reuters,Simon Jessop,"A man wearing a protective face mask, following an outbreak of the coronavirus, talks on his mobile phone in front of a screen showing the Nikkei index outside a brokerage in Tokyo, Japan, February 2… [+3584 chars]","World shares ride earnings to fresh high, dollar steady - Reuters",https://www.reuters.com/world/middle-east/global-markets-wrapup-4-pix-2021-08-04/,https://www.reuters.com/resizer/Icy5HAS5_VmXfj04xaDfIm2gTQg=/1200x628/smart/filters:quality(80)/cloudfront-us-east-2.images.arcpublishing.com/reuters/RNWNFKBKW5MTRF3MLSSOOMRLW4.jpg
2021-08-04,2021-08-04T11:17:00,reuters,Reuters,Simon Jessop,"LONDON, Aug 4 (Reuters) - Global shares were driven by strong earnings to a record high on Wednesday, while the dollar and Treasury yields languished waiting for U.S. employment data to provide clues… [+3328 chars]","World shares ride earnings to fresh high, dollar steady - Reuters",https://www.reuters.com/business/global-markets-wrapup-5-pix-2021-08-04/,https://www.reuters.com/pf/resources/images/reuters/reuters-default.png?d=48
2021-08-04,2021-08-04T10:28:40,business-insider,Business Insider,snagarajan@businessinsider.com (Shalini Nagarajan),"John Lamparski/Getty Images
Most US leaders haven't done their homework on cryptocurrencies, and the financial system deserves officials who can grasp the underlying technology, billionaire investor… [+2035 chars]",Billionaire Mike Novogratz says most US leaders haven't done the homework they need to understand cryptocurrencies,https://markets.businessinsider.com/news/currencies/mike-novogratz-elizabeth-warren-crypto-regulation-leaders-homework-cryptocurrencies-2021-8,https://images2.markets.businessinsider.com/610a3daa372268001a598949?format=jpeg
2021-08-04,2021-08-04T08:19:23,,HYPEBEAST,"info@hypebeast.com (HYPEBEAST), HYPEBEAST","Burberry
s long-awaited non-fungible token (NFT) collection alongside Mythical GamesBlankos Block Party is finally set to release on August 11.
Initially unveiled earlier this year, the release — w… [+1094 chars]",Burberry Readies the Debut of Its Much-Anticipated ‘Blankos Block Party’ NFT Collection,https://hypebeast.com/2022/8/burberry-blankos-block-party-nft-release-info,https://image-cdn.hypb.st/https%3A%2F%2Fhypebeast.com%2Fimage%2F2023%2F08%2Fburberry-blankos-block-party-nft-release-info-TW2.jpg?w=960&cbr=1&q=90&fit=max
2021-08-04,2021-08-04T09:29:12,the-times-of-india,The Times of India,Chiranjivi Chakraborty,"MUMBAI: The accomplishments of Indias athletes in the ongoing Tokyo Olympics has seen them being showered with praise and monetary rewards. From free pizzas to cash prizes, medal-winning Indian Olymp… [+2087 chars]","Not only free pizzas, India’s Olympic medal winners to get free Bitcoins too",https://economictimes.indiatimes.com/markets/cryptocurrency/not-only-free-pizzas-indias-olympic-medal-winners-to-get-free-bitcoins-too/articleshow/85034071.cms,"https://img.etimg.com/thumb/msid-85034101,width-1070,height-580,imgsize-68446,overlay-etmarkets/photo.jpg"
2021-08-04,2021-08-04T18:42:00,,MarketWatch,Chris Matthews,Supporters of the crypto industry in the U.S. Senate filed an amendment to the bipartisan infrastructure bill to make clear that miners and providers of crypto services would not be required to follo… [+2092 chars],"Capitol Report: Senators move to exempt bitcoin, crypto miners from proposed U.S. tax rules",https://www.marketwatch.com/story/senators-move-to-exempt-bitcoin-crypto-miners-from-proposed-u-s-tax-rules-11628102530,https://images.mktw.net/im-325149/social
2021-08-04,2021-08-04T01:20:29,,HYPEBEAST,"info@hypebeast.com (HYPEBEAST), HYPEBEAST","Miami is launching digital token called MiamiCoin, which the mayor has said will help the city develop its “tech ecosystem.”
The coin was developed through CityCoins, a grassroots initiative which a… [+2117 chars]",Miami Launches Digital Token Called MiamiCoin,https://hypebeast.com/2021/8/miami-coin-digital-token-bitcoin-stacks-protocol-launch,https://image-cdn.hypb.st/https%3A%2F%2Fhypebeast.com%2Fimage%2F2021%2F08%2Fmiami-coin-digital-token-bitcoin-stacks-protocol-launch-tw.jpg?w=960&cbr=1&q=90&fit=max
2021-08-04,2021-08-04T09:26:04,,Forbes,"Billy Bambrough, Senior Contributor, 
 Billy Bambrough, Senior Contributor
 https://www.forbes.com/sites/billybambrough/","Bitcoin SV, a controversial fork of bitcoin created in the aftermath of the 2017 blocksize wars, has suffered a ""massive"" attack that may have been an attempt to destroy the cryptocurrency. 
Sign up… [+3867 chars]","Bitcoin Fork Suffers ‘Massive’ 51% Attack In Attempt To ‘Destroy’ The Cryptocurrency, Sending Its Price Sharply Lower",https://www.forbes.com/sites/billybambrough/2021/08/04/bitcoin-fork-suffers-massive-51-attack-in-attempt-to-destroy-the-cryptocurrency-sending-its-price-sharply-lower/,https://thumbor.forbes.com/thumbor/fit-in/1200x0/filters%3Aformat%28jpg%29/https%3A%2F%2Fspecials-images.forbesimg.com%2Fimageserve%2F610a5e8b62b93cb329700bd3%2F0x0.jpg%3FcropX1%3D0%26cropX2%3D1188%26cropY1%3D64%26cropY2%3D732
2021-08-04,2021-08-04T17:56:36,,Motley Fool,newsfeedback@fool.com (Travis Hoium),"What happened 
Wednesday started out positive for the crypto industry as Bitcoin(CRYPTO:BTC) and Ethereum(CRYPTO:ETH) both moved sharply higher today. At 12:05 p.m. EDT, the cryptocurrencies are up … [+2557 chars]",Why Crypto Stocks Are Up Big Today,https://www.fool.com/investing/2021/08/04/why-crypto-stocks-are-up-today/,https://g.foolcdn.com/editorial/images/637179/digital-bitcoin.jpg
2021-08-04,2021-08-04T05:59:21,al-jazeera-english,Al Jazeera English,Al Jazeera,"The chair of the US Securities and Exchange Commission (SEC) called on Congress to give the agency more authority to better police cryptocurrency trading, lending and platforms, a Wild West he said i… [+2810 chars]",‘Wild West’: Top US financial regulator seeks to rein in crypto,https://www.aljazeera.com/economy/2021/8/4/us-sec-chair-calls-crypto-a-wild-west-seeks-to-oversee-it,https://www.aljazeera.com/wp-content/uploads/2021/08/376428390.jpg?resize=1200%2C630
2021-08-04,2021-08-04T12:38:13,,Forbes,"Nina Bambysheva, Senior Contributor, 
 Nina Bambysheva, Senior Contributor
 https://www.forbes.com/sites/ninabambysheva/","CryptoPunks is one of the most popular NFT collections
AFP via Getty Images
Trading volumes of top NFT collections such as Axie Infinity, CryptoPunks and ArtBlocks have increased by more than 300% … [+3186 chars]",NFT Sales Top $1.2 Billion In July As Demand For Blockchain Games Soars,https://www.forbes.com/sites/ninabambysheva/2021/08/04/nft-sales-top-12-billion-in-july-as-demand-for-blockchain-games-soars/,https://thumbor.forbes.com/thumbor/fit-in/1200x0/filters%3Aformat%28jpg%29/https%3A%2F%2Fspecials-images.forbesimg.com%2Fimageserve%2F610a890e207e1be55dd614e3%2F0x0.jpg
2021-08-04,2021-08-04T20:11:00,,MarketWatch,Chris Matthews,Securities and Exchange Commission Chairman Gary Gensler sent perhaps his strongest message to the crypto industry Tuesday during a speech in which he asked Congress to give the SEC explicit authorit… [+2905 chars],"Capitol Report: The brewing turf war in crypto regulation shows Congress must step in, experts say",https://www.marketwatch.com/story/the-brewing-turf-war-in-crypto-regulation-shows-congress-must-step-in-experts-say-11628107903,https://images.mktw.net/im-380225/social
2021-08-04,2021-08-04T00:00:50,,Forbes,"Shama Hyder, Senior Contributor, 
 Shama Hyder, Senior Contributor
 https://www.forbes.com/sites/shamahyder/","HighKey Enterprises have combined their social media branding success with this new Bitcoin model.
getty
Entrepreneurs must be at the forefront of innovation to succeed. This applies to more than j… [+3168 chars]",Why Creator Coins May Be The Next Big Thing For Entrepreneurs,https://www.forbes.com/sites/shamahyder/2021/08/03/why-creator-coins-may-be-the-next-big-thing-for-entrepreneurs/,https://thumbor.forbes.com/thumbor/fit-in/1200x0/filters%3Aformat%28jpg%29/https%3A%2F%2Fspecials-images.forbesimg.com%2Fimageserve%2F6109d7438c0ec0bd00d614e5%2F0x0.jpg
2021-08-04,2021-08-04T17:58:54,politico,Politico,Kellie Mejdrich and Victoria Guida,"Industry groups appeared supportive of the amendment.
Michelle Bond, CEO of the Association for Digital Asset Markets, a crypto advocacy group, said in an emailed statement that A fix was needed to … [+1834 chars]",Cryptocurrency industry gains support in narrowing tax proposal,https://www.politico.com/news/2021/08/04/cryptocurrency-tax-provisions-502435,https://static.politico.com/b5/18/ba80ef824303a4dc3a935bd146b7/gettyimages-1230954444-1.jpg
2021-08-04,2021-08-04T12:24:00,,Motley Fool,newsfeedback@fool.com (Zhiyuan Sun),"The cryptocurrency mania that gripped investors for much of 2020 took a 180-degree turn in April. Since then, Bitcoin's (CRYPTO:BTC) value plunged by about 53% before rebounding 28% in the last two w… [+4101 chars]",What's Behind Bitcoin's Recent Rally?,https://www.fool.com/investing/2021/08/04/whats-behind-bitcoins-recent-rally/,https://g.foolcdn.com/editorial/images/635209/gettyimages-1203512448.jpg
2021-08-04,2021-08-04T21:41:18,,Yahoo Entertainment,Omkar Godbole,"With bitcoin prices stuck in a months-long holding pattern, some cryptocurrency traders are speculating on what might be the next hot market bet: digital assets associated with visions of a decentral… [+7758 chars]",Why Web 3.0 Tokens Might Be the Next Hot Trade in Cryptocurrencies,https://finance.yahoo.com/news/why-3-0-tokens-might-214118541.html,https://s.yimg.com/uu/api/res/1.2/ZcqunaBkqsOfYYDtiFK.Ow--~B/aD03Njg7dz0xMDI0O2FwcGlkPXl0YWNoeW9u/https://media.zenfs.com/en/coindesk_75/3e69fa25f99eb43a62144dd09715190c
2021-08-04,2021-08-04T10:18:00,,TechSpot,Rob Thubron,"In brief: Understanding the complete workings and mechanisms of cryptocurrency isnt the easiest thing in the world. To the less tech-savvy, the likes of Bitcoin and Ethereum can be utterly perplexing… [+1588 chars]",Study: more people would buy crypto if they found it less confusing,https://www.techspot.com/news/90662-study-more-people-would-buy-crypto-if-they.html,https://static.techspot.com/images2/news/bigimage/2021/07/2021-07-09-image-4.jpg
2021-08-04,2021-08-04T15:12:49,,Forbes,"Tommy Williams, Contributor, 
 Tommy Williams, Contributor
 https://www.forbes.com/sites/tommywilliams1/","Youssof Altoukhi
Courtesy of Youssof Altoukhi
Over the last 12 months, we have seen a significant increase in the number of people interested in cryptocurrencies. Many people have gone from novices… [+5293 chars]",Meet Youssof Altoukhi: 16-Year-Old Entrepreneur Aiming To Increase Equality In Decision Making Among Cryptocurrency Projects,https://www.forbes.com/sites/tommywilliams1/2021/08/04/meet-youssof-altoukhi-16-year-old-entrepreneur-aiming-to-increase-equality-in-decision-making-among-cryptocurrency-projects/,https://thumbor.forbes.com/thumbor/fit-in/1200x0/filters%3Aformat%28jpg%29/https%3A%2F%2Fspecials-images.forbesimg.com%2Fimageserve%2F610aa36a1826ad75f2700bd3%2F0x0.jpg%3FcropX1%3D0%26cropX2%3D998%26cropY1%3D0%26cropY2%3D706
2021-08-04,2021-08-04T12:39:24,,Highsnobiety,Tora Northman,"It seems like NFTs are the next big thing in luxury fashion, and now Burberry has jumped on the bandwagon, launching its first-ever digital item as part of its B Series release.
Partnering with Myth… [+1703 chars]",Burberry Wants You To Be the Flyest Person on the Blockchain,https://www.highsnobiety.com/p/burberry-nft-blankos-block-party/,https://static.highsnobiety.com/thumbor/8rSRrh1W7W5B88akklg-FeFuJIo=/1200x720/static.highsnobiety.com/wp-content/uploads/2021/08/04125614/burberry-nft-blankos-block-party-feature.jpg
2021-08-04,2021-08-04T18:51:12,,Forbes,"Jonathan Ponciano, Forbes Staff, 
 Jonathan Ponciano, Forbes Staff
 https://www.forbes.com/sites/jonathanponciano/",Sens. Pat Toomey (R-Pa.) and Ron Wyden (D-Ore.) introduced an amendment Wednesday to overhaul newly proposed cryptocurrency tax-reporting requirements included in the Senate's infrastructure bill by … [+4070 chars],Senators Propose Change To New Crypto Rules For Tax Reporting—Here’s Who Would Be Affected,https://www.forbes.com/sites/jonathanponciano/2021/08/04/senators-propose-change-to-new-crypto-rules-for-tax-reporting-heres-whos-affected/,https://thumbor.forbes.com/thumbor/fit-in/1200x0/filters%3Aformat%28jpg%29/https%3A%2F%2Fspecials-images.forbesimg.com%2Fimageserve%2F610ae139cff51d57a19bda78%2F0x0.jpg%3FcropX1%3D0%26cropX2%3D3999%26cropY1%3D87%26cropY2%3D2337
2021-08-04,2021-08-04T08:25:26,,Yahoo Entertainment,Reuters,"HONG KONG (Reuters) - Ether fell about 1% on Wednesday ahead of a technical adjustment to its underlying ethereum blockchain that would alter the way transactions are processed.
The revamp is curren… [+1391 chars]",Ether falls 1% ahead of major upgrade to ethereum network,https://finance.yahoo.com/news/ether-falls-1-ahead-major-082526211.html,https://s.yimg.com/uu/api/res/1.2/axe7.11Av1iCJYON6MOkDw--~B/aD01MjY7dz04MDA7YXBwaWQ9eXRhY2h5b24-/https://media.zenfs.com/en/reuters-finance.com/0e977d021e28aa54ac1297fdfe99113c
2021-08-04,2021-08-04T20:22:00,,Motley Fool,newsfeedback@fool.com (Jason Hawthorne),"Charlie Munger has called Robinhood(NASDAQ:HOOD) a ""gambling parlor masquerading as a respectable business."" Its founders have argued that they are democratizing finance for the next generation of in… [+6374 chars]",3 Numbers That Should Shock Robinhood Shareholders,https://www.fool.com/investing/2021/08/04/3-numbers-that-should-shock-robinhood-shareholders/,https://g.foolcdn.com/editorial/images/637128/gettyimages-131575268.jpg
2021-08-04,2021-08-04T11:50:00,,Autoblog,Reuters,"WASHINGTON The Democratic-controlled U.S. Senate is working on a roughly $1 trillion bipartisan infrastructure bill to update America's roads, bridges and broadband networks, clearing the way for a p… [+1582 chars]",At a glance: What's in the Senate's $1 trillion infrastructure bill?,https://www.autoblog.com/2021/08/04/infrastructure-spending-at-a-glance/,https://o.aolcdn.com/images/dims3/GLOB/crop/7691x4326+0+788/resize/800x450!/format/jpg/quality/85/https://s.yimg.com/os/creatr-uploaded-images/2021-08/d9b46bf0-f4b5-11eb-bfbb-25f24c1891db
2021-08-04,2021-08-04T13:44:26,business-insider,Business Insider,insider@insider.com (Madison Hoff),"Carrie Presley, a former teacher from Texas, won ""Teacher of the Year"" two of the four years she worked in education. 
As an accountant-turned-math teacher, she told Insider she believed she finally… [+3712 chars]","Meet 3 teachers who had enough and switched careers, including a woman who won 'Teacher of the Year' twice",https://www.businessinsider.com/former-teachers-quitting-career-changes-teacher-shortage-2021-8,https://i.insider.com/61086039372268001a594fef?width=1200&format=jpeg
2021-08-04,2021-08-04T08:30:00,,MarketBeat,Sean Sechler,"August
4, 2021
4 min read
This story originally appeared on MarketBeat
One of the great things about investing is that there are countless opportunities to add quality companies to your portfolio… [+4342 chars]",3 Hot Stocks Under $100 to Buy Now,https://www.marketbeat.com/originals/3-hot-stocks-under-100-to-buy-now/?utm_source=entrepreneurcom&amp;amp;utm_medium=entrepreneurcom,https://assets.entrepreneur.com/providers/marketbeat/hero-image-marketbeat-379304.jpeg
2021-08-04,2021-08-04T15:45:08,,Yahoo Entertainment,Adam Eckert,"Shares of several cryptocurrency-related stocks including Marathon Digital Holdings Inc (NASDAQ: MARA), Riot Blockchain Inc (NASDAQ: RIOT) and Coinbase Global Inc (NASDAQ: COIN) are trading higher We… [+1046 chars]",Why Bitcoin-Related And Ethereum-Related Stocks Are Trading Higher Today,https://finance.yahoo.com/news/why-bitcoin-related-ethereum-related-154508422.html,https://s.yimg.com/cv/apiv2/social/images/yahoo_default_logo-1200x1200.png
2021-08-04,2021-08-04T18:15:15,,Bitcoin Magazine,Namcios,"A new draft bill introduced in Spain by the People's Party (PP) aims to foster digital transformation by outlining possible innovations, how they should work, who is entitled to develop them, and the… [+5330 chars]",New Spanish Bill Aims To Foster Digital Transformation But With The Wrong Tools,https://bitcoinmagazine.com/business/spanish-bill-bitcoin-blind,https://bitcoinmagazine.com/.image/t_share/MTc5Mjk3Nzk0MTI4ODE1ODEx/spain-atms-qb.jpg
2021-08-04,2021-08-04T23:00:06,,newsBTC,Best Owie,Crypto Analyst Nicholas Merten recently said in a video analysis session on YouTube that Ethereum’s price is poised to explode. Merten pointed out that price analysis really isnt the reason that the … [+3287 chars],"Ethereum Set To Explode According To Market Dominance, Crypto Analyst",https://www.newsbtc.com/analysis/eth/ethereum-set-to-explode/,https://www.newsbtc.com/wp-content/uploads/2021/08/eth.jpeg
2021-08-04,2021-08-04T18:43:50,,Forbes,"Anthony Tellez, Contributor, 
 Anthony Tellez, Contributor
 https://www.forbes.com/sites/anthonytellez/","In this March 28, 2019, photo people are reflected in a window as they walk by a Fidelity ... [+] Investments office in New York. (AP Photo/Jenny Kane)
ASSOCIATED PRESS
On July 22, Fidelity Investm… [+4496 chars]",Fidelity Buys 7.4% Of Bitcoin Mining Company Marathon Digital Holdings Across Multiple Funds,https://www.forbes.com/sites/anthonytellez/2021/08/04/fidelity-buys-74-of-bitcoin-mining-company-marathon-digital-holdings-across-multiple-funds/,https://thumbor.forbes.com/thumbor/fit-in/1200x0/filters%3Aformat%28jpg%29/https%3A%2F%2Fspecials-images.forbesimg.com%2Fimageserve%2F610adfd7639c6c04d74ae481%2F0x0.jpg%3FcropX1%3D0%26cropX2%3D3244%26cropY1%3D164%26cropY2%3D1990
2021-08-04,2021-08-04T18:53:30,,Yahoo Entertainment,Katie Greifeld,"(Bloomberg) --
The company behind the largest cryptocurrency fund is building out its ETF team, despite dimming odds that U.S. regulators will approve the structure this year.
Grayscale Investments… [+2741 chars]",Grayscale Hires ETF Head to Convert Biggest Bitcoin Fund,https://finance.yahoo.com/news/grayscale-hires-etf-head-push-113000915.html,https://s.yimg.com/uu/api/res/1.2/82NmuHPm2noTDigtIsTnDQ--~B/aD03MDg7dz03OTI7YXBwaWQ9eXRhY2h5b24-/https://media.zenfs.com/en/bloomberg_markets_842/d5368b50aac3f88e9f48211d9787a346
2021-08-04,2021-08-04T14:02:05,,Incrediblethings.com,Jimmy Bell,"While buying Bitcoin or other cryptocurrencies, one must first visit an exchange. The initial phase is to complete a sign-up and confirmation process followed by a deposit of cryptocurrency or fiat c… [+4291 chars]",Trading Bitcoin without exchange,https://incrediblethings.com/cryptocurrency/trading-bitcoin-without-exchange/,https://incrediblethings.com/wp-content/uploads/2020/07/bigstock-296731903.jpg
2021-08-04,2021-08-04T16:00:00,,Motley Fool,newsfeedback@fool.com (Leo Sun),"Square(NYSE:SQ) recently agreed to buy Afterpay(OTC:AFTP.F), an Australian ""buy now, pay later"" (BNPL) service provider, for $29 billion in stock. The deal represents a premium of 21.9% over Afterpay… [+5185 chars]",Should PayPal Investors Be Worried About Square's Afterpay Takeover?,https://www.fool.com/investing/2021/08/04/should-paypal-investors-be-worried-about-squares-a/,https://g.foolcdn.com/editorial/images/637068/gettyimages-1273305943.jpg
2021-08-04,2021-08-04T12:01:25,,Bitcoin Magazine,Alex McShane,"Hut 8 Mining, one of North America’s largest Bitcoin mining operations, revealed Wednesday it produced 300 bitcoin, or an average of 9.7 BTC per day, this July. 
All told, the figures were up 50 per… [+868 chars]","Public Miner Hut 8 Now Holds Over 4,000 Bitcoin Worth $150 Million",https://bitcoinmagazine.com/business/hut-8-bitcoin-mining-150-million,https://bitcoinmagazine.com/.image/t_share/MTc5Mjk3ODU1MzM1OTY2NDAz/slush-pool-to-re-enable-bip-101-bitcoin-mining.jpg
2021-08-04,2021-08-04T02:30:00,,Yahoo Entertainment,PR Newswire,"HONG KONG, Aug. 4, 2021 /PRNewswire/ -- HashKey Group, a leader in digital asset management and blockchain solutions, worked with art brokerage and auctioneer Macey &amp; Sons to enable one of the fi… [+4160 chars]",Macey & Sons Leverages HashKey XPert to Settle One of the First NFT Art Sales by Bitcoin in Hong Kong,https://finance.yahoo.com/news/macey-sons-leverages-hashkey-xpert-023000668.html,https://s.yimg.com/uu/api/res/1.2/ERr9g_UYT7.yRdE.fskpPA--~B/aD0xNDk7dz00MDA7YXBwaWQ9eXRhY2h5b24-/https://media.zenfs.com/en/prnewswire.com/5f0007da3b4f2a7d645a86eefcdc5d17
2021-08-04,2021-08-04T22:56:15,,Cointelegraph,Cointelegraph By Andrew Fenton,"This “Crypto City” guide looks at Melbourne’s crypto culture, the city’s most notable projects and people, its financial infrastructure, which retailers accept crypto and where you can find blockchai… [+11424 chars]",Crypto City: Guide to Melbourne,https://cointelegraph.com/magazine/2021/08/04/crypto-city-guide-to-melbourne,https://cointelegraph.com/magazine/wp-content/uploads/2021/08/magazine_Crypto_cities_Melbourne.jpg
2021-08-04,2021-08-04T15:44:26,,Cointelegraph,Cointelegraph By Turner Wright,"Investment firm Victory Capital Management has filed an application with the U.S. Securities and Exchange Commission for a cryptocurrency exchange-traded fund.
In a Form S-1 registration filed Tuesd… [+1224 chars]",Victory Capital files SEC application for crypto ETF,https://cointelegraph.com/news/victory-capital-files-sec-application-for-crypto-etf,https://images.cointelegraph.com/images/1200_aHR0cHM6Ly9zMy5jb2ludGVsZWdyYXBoLmNvbS91cGxvYWRzLzIwMjEtMDgvN2YyZGVlYjYtYWY3NC00OWY1LTgzZmItYTVhZmFjYTg3MTZkLmpwZw==.jpg
2021-08-04,2021-08-04T08:47:13,,Cointelegraph,Cointelegraph By Helen Partz,"Binance, the worlds largest cryptocurrency exchange by trading volumes, continues actively expanding into the crypto payment industry through a new crypto-to-fiat integration.
The company announced … [+2139 chars]",Binance to bring Bitcoin payments to Shopify via new partnership,https://cointelegraph.com/news/binance-to-bring-bitcoin-payments-to-shopify-via-new-partnership,https://images.cointelegraph.com/images/1200_aHR0cHM6Ly9zMy5jb2ludGVsZWdyYXBoLmNvbS91cGxvYWRzLzIwMjEtMDgvNGU2OTIwMjctYzkzZC00MGM2LTgzNjctNjdkNmVkNGY5NWVjLmpwZw==.jpg
2021-08-04,2021-08-04T08:03:46,,Visual.ly,safecardano89,(O Safe Cardano Mybrid Bleckcha Secure and Safe Guard your Cardano assets Safe Cardano is Digital Wallet You Can trade Anytime Implementation Sheet At Safe Cardano we have one focus - creating a viab… [+451 chars],Cardano Cryptocurrency | Safe Cardano,https://visual.ly/community/Infographics/technology/cardano-cryptocurrency-safe-cardano,https://thumbnails-visually.netdna-ssl.com/cardano-cryptocurrency--safe-cardano_610a49e2c62b1_w250_h250.jpeg
2021-08-04,2021-08-04T20:23:37,,Yahoo Entertainment,Damanick Dantes and Frances Yue,"Bitcoin bounced back toward $39,000 on Wednesday as buyers responded to short-term oversold conditions. The cryptocurrency is up about 4% over the past 24 hours, compared with a 9% rise in ether duri… [+5120 chars]",Market Wrap: Bitcoin and Ether Rise on Bullish Sentiment,https://finance.yahoo.com/news/market-wrap-bitcoin-ether-rise-202337295.html,https://s.yimg.com/uu/api/res/1.2/JeTqfS3yDI4UlVUYXZYlHQ--~B/aD04MTQ7dz0xNzE0O2FwcGlkPXl0YWNoeW9u/https://media.zenfs.com/en/coindesk_75/81cb1cae8f846d5248f9dc7d4da9f4ab
2021-08-04,2021-08-04T10:01:00,,TribLIVE,Tim Benz,"When former Pittsburgh Penguins forward Ryan Malone gutted up to return to play after taking a puck to the face in Game 5 of the 2008 Stanley Cup Final, it was a moment Penguins fans of that era will… [+5810 chars]","Ryan Malone on his tech-savvy sports business venture, state of the Penguins, Sidney Crosby memories - TribLIVE",https://triblive.com/sports/ryan-malone-on-his-tech-savvy-sports-business-venture-state-of-the-penguins-sidney-crosby-memories/,https://triblive.com/wp-content/uploads/2021/08/4106975_web1_gtr-PensEarly-101319.jpg
2021-08-04,2021-08-04T08:30:56,,CNA,,"HONG KONG: Ether fell about 1per cent on Wednesday ahead of a technical adjustment to its underlying ethereum blockchain that would alter the way transactions are processed.
The revamp is currently … [+1394 chars]",Ether falls 1per cent ahead of major upgrade to ethereum network,https://www.channelnewsasia.com/business/ether-falls-1per-cent-ahead-major-upgrade-ethereum-network-2089936,https://onecms-res.cloudinary.com/image/upload/s--D84poqTg--/c_fill%2Cg_auto%2Ch_170%2Cw_303/f_auto%2Cq_auto/v1/cna-migration/file-photo--a-representation-of-virtual-currency-ethereum-is-seen-in-front-of-a-stock-graph-in-this-illustration-5.jpg?itok=sB7bQ3u0
2021-08-04,2021-08-04T16:38:52,business-insider,Business Insider,Margaux MacColl,"In 2014, when over $480 million worth of bitcoins was stolen from the cryptocurrency exchange Mt. Gox, a dark chapter descended on crypto. Bitcoin's value dropped by 36%, and investors didn't fully t… [+3475 chars]",Experts say this is the very real nightmare scenario for crypto startups,https://www.businessinsider.com/the-worst-case-scenarios-for-crypto-companies-according-to-experts-2021-8,https://i.insider.com/5f6c61a4c4049200115cb4ef?width=1200&format=jpeg
2021-08-04,2021-08-04T15:31:02,,Bitcoin Magazine,Alex McShane,"This month’s “Bloomberg Crypto Outlook” reports a bullish future trajectory for Bitcoin, stating “we see performance parallels that could get the benchmark crypto back on track toward $100,000.”
The… [+2874 chars]",“Bloomberg Crypto Outlook” Intelligence Report Is Bullish On Bitcoin,https://bitcoinmagazine.com/business/bloomberg-intelligence-report-bullish-on-bitcoin,https://bitcoinmagazine.com/.image/t_share/MTgxOTYwNTQzOTI4NTkxNDkx/img_5425.jpg
2021-08-04,2021-08-04T00:48:35,,newsBTC,Asad Gillani,"Ashton Kutcher recently released a video on Twitter featuring an in-depth explanation about Ethereum from the horse’s mouth. The discussion in the video is between Kutcher, his wife Mila Kunis, and V… [+2739 chars]",Ethereum Founder Vitalik Buterin Spotted With Hollywood Celebrities,https://www.newsbtc.com/news/ethereum/ethereum-vitalik-buterin-hollywood-celebrities/,https://www.newsbtc.com/wp-content/uploads/2021/08/ethereum-logo-6278328_1280.png
2021-08-04,2021-08-04T08:30:56,,CNA,CNA,"HONG KONG: Ether fell about 1per cent on Wednesday ahead of a technical adjustment to its underlying ethereum blockchain that would alter the way transactions are processed.
The revamp is currently … [+1454 chars]",Ether falls 1per cent ahead of major upgrade to ethereum network,https://www.channelnewsasia.com/news/business/ether-falls-1per-cent-ahead-of-major-upgrade-to-ethereum-network-15379898,"https://cna-sg-res.cloudinary.com/image/upload/q_auto,f_auto/image/15379896/16x9/991/557/726fbdf86d2f79a7376754d0b920853f/hY/file-photo--a-representation-of-virtual-currency-ethereum-is-seen-in-front-of-a-stock-graph-in-this-illustration-5.jpg"
2021-08-04,2021-08-04T01:44:38,,Yanko Design,Sarang Sheth,"It might look like a glow-stick, but the Moonside lamp is capable of producing colors and gradients that no glow-stick can ever match up to. Underneath its translucent outer body sits a matrix of RGB… [+2059 chars]",This “Lava lamp on steroids” can light up your space in any color or gradient you can imagine!,https://www.yankodesign.com/2021/08/03/this-lava-lamp-on-steroids-can-light-up-your-space-in-any-color-or-gradient-you-can-imagine/,https://www.yankodesign.com/images/design_news/2021/08/modern_smart_lighting_inspired_by_lighthouse_architecture.jpg
2021-08-04,2021-08-04T19:54:50,,Billboard,Micah Singleton,"The investment into MakersPlace by Sony Music continues the pattern of major labels investing in NFT platforms, as they seek out the next big thing in music. Warner Music Group is an early investor i… [+503 chars]",Sony Music Invests in NFT Marketplace MakersPlace,https://www.billboard.com/articles/business/record-labels/9610357/sony-music-invests-nft-marketplace-makersplace/,https://static.billboard.com/files/2020/03/sony-music-logo-2020-u-billboard-1548-1583187892-compressed.jpg
2021-08-04,2021-08-04T07:21:09,,Yahoo Entertainment,Matthew De Saro,"BeInCrypto 
Quiznos, an international chain restaurant specializing in sandwiches, is on the cusp of accepting bitcoin payments at select locations in Denver.
Quiznos customers in the Denver area w… [+743 chars]",Quiznos Sandwich Shops to Soon Offer Bitcoin Payment Option,https://finance.yahoo.com/news/quiznos-sandwich-shops-soon-offer-072109955.html,https://s.yimg.com/uu/api/res/1.2/szB2PZFZRhSt6cfi34sH2Q--~B/aD03MjA7dz0xMjAwO2FwcGlkPXl0YWNoeW9u/https://media.zenfs.com/en/beincrypto_articles_718/5343c8f4dffcab7c2543a6775afb08db
2021-08-04,2021-08-04T14:45:20,,Yahoo Entertainment,Nicholas Pongratz,"BeInCrypto 
Grayscale Investments LLC is building up the team behind its cryptocurrency exchange-traded fund (ETF), although the SEC is unlikely to approve one this year.
To drive its efforts in co… [+858 chars]",Grayscale Continues to Bolster Crypto ETF Team,https://finance.yahoo.com/news/grayscale-continues-bolster-crypto-etf-144520970.html,https://s.yimg.com/uu/api/res/1.2/BvEINMd8GNb4t4xgiGlxQQ--~B/aD03MjA7dz0xMjAwO2FwcGlkPXl0YWNoeW9u/https://media.zenfs.com/en/beincrypto_articles_718/9d95258da52e09f213c54795fa09bb77
2021-08-04,2021-08-04T13:43:03,,Incrediblethings.com,Jimmy Bell,"The aspect of cryptocurrency is one of the biggest, most significant segments that are currently shaping the modern world that we are living in. This is the case just because within the subject of th… [+3472 chars]",Exactly How You Can Trade With Bitcoin – Important Bitcoin Trading Features,https://incrediblethings.com/cryptocurrency/exactly-how-you-can-trade-with-bitcoin-important-bitcoin-trading-features/,https://incrediblethings.com/wp-content/uploads/2021/08/bigstock-Gold-Crypto-Coins-On-A-Golden-417163264.jpg
2021-08-04,2021-08-04T14:02:00,,Yahoo Entertainment,PR Newswire,"NASHVILLE, Tenn., Aug. 4, 2021 /PRNewswire/ -- Valkyrie Digital Assets
 LLC (""Valkyrie""), the sponsor (the ""Sponsor"") of the Valkyrie Bitcoin Trust, Valkyrie Algorand Trust, and the Valkyrie Polkado… [+6641 chars]",Valkyrie Investments announces launch of the Valkyrie Dash Trust,https://finance.yahoo.com/news/valkyrie-investments-announces-launch-valkyrie-140200833.html,https://s.yimg.com/uu/api/res/1.2/Xw0SuNBu3wM0DBfFNZdnYw--~B/aD0xNjt3PTE2O2FwcGlkPXl0YWNoeW9u/https://media.zenfs.com/en/prnewswire.com/62336acc9100c96cfba50367760aaf3a
2021-08-04,2021-08-04T16:00:00,,Cointelegraph,Cointelegraph By Helen Partz,"Federal authorities in Russia are moving forward with a plan to closely monitor cryptocurrency activity for illicit transactions and deanonymize crypto users identities.
The Russian Federal Financia… [+1887 chars]",Russia grants $200K to build tool for tracing crypto transactions,https://cointelegraph.com/news/russia-grants-200k-to-build-tool-for-tracing-crypto-transactions,https://images.cointelegraph.com/images/1200_aHR0cHM6Ly9zMy5jb2ludGVsZWdyYXBoLmNvbS91cGxvYWRzLzIwMjEtMDgvNDBlZmI4YjYtZTBhMy00M2VkLWFjY2UtYjIxMjY2ZjAxZWZmLmpwZw==.jpg
2021-08-04,2021-08-04T16:58:19,,Bitcoin Magazine,Joe Carlasare & Amanda Cavaleri,"Authored August 3, 2021
In recent days, draft language in the proposed infrastructure bill raised a flurry of concerns for the Bitcoin community and the larger digital asset space. Congress proposed… [+4402 chars]","To Fix Dangerous Infrastructure Bill, Bitcoiners Must Engage",https://bitcoinmagazine.com/culture/bitcoin-infrastructure-bill-engage,https://bitcoinmagazine.com/.image/t_share/MTgwOTg2NDAyOTMzMTg3OTQ0/justice-regulation-law.jpg
2021-08-04,2021-08-04T14:10:29,,Incrediblethings.com,Jimmy Bell,Blockchain technology has come a long way since its initiation in 2009. It has been more than a decade that this comparatively new form of peer to peer technology has hit the market. Satoshi Nakamoto… [+4138 chars],The 4 different varieties of Blockchain Technology,https://incrediblethings.com/tech/the-4-different-varieties-of-blockchain-technology/,https://incrediblethings.com/wp-content/uploads/2021/08/bigstock-Business-Network-Blockchain-T-278315395.jpg
2021-08-04,2021-08-04T16:21:11,,Forbes,"Clem Chambers, Senior Contributor, 
 Clem Chambers, Senior Contributor
 https://www.forbes.com/sites/investor/people/clem/","getty
getty
Correlation is not causation is a statement that always makes me chuckle. Apparently, eating cheese and strangling yourself in bed is correlated and thus proves this maxim. I say instea… [+2737 chars]",Bitcoin And Gold: Something Wicked This Way Comes,https://www.forbes.com/sites/investor/2021/08/04/bitcoin-and-gold-something-wicked-this-way-comes/,https://thumbor.forbes.com/thumbor/fit-in/1200x0/filters%3Aformat%28jpg%29/https%3A%2F%2Fspecials-images.forbesimg.com%2Fimageserve%2F610a9f7a798063c1af700bd5%2F0x0.jpg
2021-08-04,2021-08-04T18:10:00,,The Block Crypto,,"A trio of U.S. senators is proposing a legislative exclusion for crypto companies, including miners and software developers, from a tax reporting provision in a long-in-the-making bipartisan infrastr… [+2202 chars]","Senators propose exclusion of miners, software developers in infrastructure bill's crypto 'broker' definition - The Block Crypto",https://www.theblockcrypto.com/linked/113562/us-senate-crypto-tax-amendment-congress,https://www.tbstat.com/wp/uploads/2019/07/congress-outside-alt-e1576830696475.jpg
2021-08-04,2021-08-04T11:05:00,,Yahoo Entertainment,Digihost Technology Inc.,"TORONTO, Aug. 04, 2021 (GLOBE NEWSWIRE) -- Digihost Technology Inc. (Digihost or the Company) (TSXV: DGHI; OTCQB: HSSHF) is pleased to announce its financial results for the second quarter ended June… [+10496 chars]",Digihost Announces Record Revenue From Digital Currency Mining for Q2 2021,https://finance.yahoo.com/news/digihost-announces-record-revenue-digital-110500755.html,https://s.yimg.com/cv/apiv2/social/images/yahoo_default_logo-1200x1200.png
2021-08-04,2021-08-04T13:59:58,,Incrediblethings.com,Jimmy Bell,"Before going in-depth about the influence of fake news on bitcoin or blockchain technology, we must understand in brief how blockchain technology works. Bitcoin is a cryptocurrency or a virtual curre… [+3755 chars]",How does fake news influence blockchain technology?,https://incrediblethings.com/cryptocurrency/how-does-fake-news-influence-blockchain-technology/,https://incrediblethings.com/wp-content/uploads/2021/08/bigstock-Blockchain-Technology-Networ-410295559.jpg
2021-08-04,2021-08-04T18:55:35,,Bitcoin Magazine,Steffan Allen,"What Is The Bitcoin Exam?
The Bitcoin Exam is a 50-question test designed to help retail investors gauge their understanding of Bitcoin. 
As the price of bitcoin skyrocketed past $60,000 in 2021, i… [+3078 chars]",Think You Understand Bitcoin? Test Yourself With The Bitcoin Exam,https://bitcoinmagazine.com/culture/the-bitcoin-exam-understand-bitcoin,https://bitcoinmagazine.com/.image/t_share/MTgyNzUyNTY0NjIwNTY3OTA0/img_5735.jpg
2021-08-04,2021-08-04T16:21:53,,Bitcoin Magazine,Bitcoin Optech,"The Bitcoin Optech newsletter provides readers with a top-level summary of the most important technical news happening in Bitcoin, along with resources that help them learn more. To help our readers … [+9324 chars]",Bitcoin Optech #160: Preparing For Taproot And More,https://bitcoinmagazine.com/technical/preparing-for-taproot-bitcoin,https://bitcoinmagazine.com/.image/t_share/MTgwODA0OTg3MDA0MjY1ODMy/mining-chips.jpg
2021-08-04,2021-08-04T11:30:09,independent,Independent,Ben Chapman,"Google has been accused of failing to act for months against cryptocurrency scam advertising next to search results using fake articles purporting to be published by a national newspaper.
Campaigner… [+6429 chars]","Google fails to act against bitcoin scams using fake newspaper adverts, campaigners say",https://www.independent.co.uk/news/business/google-bitcoin-advertising-scams-fraud-b1895791.html,https://static.independent.co.uk/2021/08/03/11/newFile-6.jpg?width=1200&auto=webp&quality=75
2021-08-04,2021-08-04T16:57:06,,Neowin,Neowin Deals,"Today's highlighted deal comes via our Online Courses section of the Neowin Deals store, where you can save on a Staking, Lending &amp; Trading Course for Cryptocurrency Wealth Creation at 90% off. I… [+1795 chars]","Staking, Lending & Trading Course for Cryptocurrency Wealth Creation now 90% off",https://www.neowin.net/news/staking-lending--trading-course-for-cryptocurrency-wealth-creation-now-90-off/,https://cdn.neow.in/news/images/uploaded/2021/08/1628071512_product_314665_product_shots1_story.jpg
2021-08-04,2021-08-04T18:30:00,,PCWorld,"Mark Hachman, Mark Hachman","Windows 10 will begin blocking potentially unwanted applicationsbundled apps that you probably dont wantby default, Microsoft says, beginning in early August. The change was announced in a support do… [+2884 chars]",Windows 10 will soon aggressively block dubious downloads,https://www.pcworld.com/article/3628168/windows-10-will-soon-aggressively-block-dubious-downloads.html,https://images.idgesg.net/images/article/2021/03/spot_cybersecurity_06_nw_cloud_network_security_by_natali_mis_gettyimages-959307752_hero-100879643-large.3x2.jpg
2021-08-04,2021-08-04T12:11:30,,Forbes,"Steven Ehrlich, Forbes Staff, 
 Steven Ehrlich, Forbes Staff
 https://www.forbes.com/sites/stevenehrlich/","High Angle View Of Etf Text On Table
getty
Although the worlds largest digital asset manager with almost $35 billion under management, Grayscale, will likely not have the first Bitcoin ETF approved… [+5270 chars]",Grayscale Gears Up For Bitcoin ETF As Crypto Prices Rebound From Recent Lows,https://www.forbes.com/sites/stevenehrlich/2021/08/04/grayscale-gears-up-for-bitcoin-etf-as-crypto-prices-rebound-from-recent-lows/,https://thumbor.forbes.com/thumbor/fit-in/1200x0/filters%3Aformat%28jpg%29/https%3A%2F%2Fspecials-images.forbesimg.com%2Fimageserve%2F610a7371d585de7ba65a3cb5%2F0x0.jpg
2021-08-04,2021-08-04T06:59:00,,Yahoo Entertainment,PR Newswire,"WASHINGTON, Aug. 4, 2021 /PRNewswire/ -- In this modern world, most businesses are implementing strategies by investing in top blockchain technology companies. Recognized blockchain companies at Good… [+6037 chars]",New Recommended List of Top Blockchain Technology Companies at GoodFirms - 2021,https://finance.yahoo.com/news/recommended-list-top-blockchain-technology-065900042.html,https://s.yimg.com/uu/api/res/1.2/N3tGSt8GgZcmwhMXrnbyLw--~B/aD0xNjt3PTE2O2FwcGlkPXl0YWNoeW9u/https://media.zenfs.com/en/prnewswire.com/ac207ba1c4c41ee028943c3b119bc829
2021-08-04,2021-08-04T11:12:00,,ZDNet,Anna Solana,"The MareNostrum 4 Supercomputer in Barcelona, Spain
Image: BSC
Things are moving quickly in the crypto world, yet scaling up the technology while preventing a surge in greenhouse gas emissions won'… [+6677 chars]",Supercomputing can help address blockchain's biggest problem. Here's how,https://www.zdnet.com/article/supercomputing-can-help-address-blockchains-biggest-problem-heres-how/,https://www.zdnet.com/a/hub/i/r/2021/08/02/e4fa93dd-7de6-4d3d-b6ee-b852f8e7d1c5/thumbnail/770x578/6f55e6935c444cce93376ceaa3a0cb05/bsc-marenostrum-4-supercomputing-center-supercomputer.jpg
2021-08-04,2021-08-04T20:41:21,,Bitcoin Magazine,Mark Moss,"The International Monetary Fund (IMF) sent out a warning, telling us that using crypto assets as national currency would be “a step too far.” Personally, I think a step too far is the existence of an… [+7920 chars]",IMF Issues New Warning Against Using Crypto Assets As National Currency,https://bitcoinmagazine.com/culture/imf-issues-new-crypto-asset-warning,https://bitcoinmagazine.com/.image/t_share/MTgyOTE4NTY0MDMyODE2NDgw/img_6093-2.png
2021-08-04,2021-08-04T21:40:15,bloomberg,Bloomberg,David Rovella,"One-fifth of one billion. Thats how many coronavirus infections have been confirmed since the pathogen began spreading in earnest 20 months ago, with the actual number almost certainly much higher. M… [+5149 chars]",Your Evening Briefing: WHO Wants to Ban Covid Booster Shots,https://www.bloomberg.com/news/newsletters/2021-08-04/bloomberg-evening-briefing-who-wants-to-ban-covid-booster-shots,https://assets.bwbx.io/images/users/iqjWHBFdfxIU/ikiVoSwN1AeE/v0/1200x800.jpg
2021-08-04,2021-08-04T13:07:29,business-insider,Business Insider,William Edwards,"The Ethereum blockchain network is set to undergo substantial updates at a still unfixed date in early 2022. The new version of the network, to be called Ethereum 2.0, is being promoted as faster, mo… [+4310 chars]",A DeFi expert breaks down why the shift to Ethereum 2.0 expected to take place next year presents a big opportunity for investors — and shares why she thinks bitcoin will move to being a proof-of-stake cryptocurrency,https://www.businessinsider.com/ethereum-2-upgrade-bitcoin-opportunity-for-investors-why-date-expert-2021-8,https://i.insider.com/61099188c31de700184a099c?width=1200&format=jpeg
2021-08-04,2021-08-04T00:00:00,,C-sharpcorner.com,Mahesh Chand,"Non-Fungible Tokens or NFT tokens are cryptocurrencies with the distinction that each token is unique and cannot be duplicated. That also means, NFT tokens can be costly. Reason? Each NFT must be cre… [+9511 chars]",How To Buy NFT Tokens,https://www.c-sharpcorner.com/article/how-to-buy-nft-tokens/,https://www.c-sharpcorner.com/images/csharp-corner.png
2021-08-04,2021-08-04T20:22:32,,Bankautomationnews.com,Bloomberg News,"The company behind the largest cryptocurrency fund is building out its ETF team, despite dimming odds that U.S. regulators will approve the structure this year.
Grayscale Investments LLC has tapped … [+2507 chars]",Grayscale hires ETF head to convert biggest Bitcoin fund,https://bankautomationnews.com/allposts/wealth/grayscale-hires-etf-head-to-convert-biggest-bitcoin-fund/,https://bankautomationnews.com/wp-content/uploads/2021/08/376671883.jpg
2021-08-04,2021-08-04T01:06:25,,Cointelegraph,Cointelegraph By Brian Quarmby,"Google is running crypto ads again after its updated financial products and services policy went into full effect on August 3.
The multinational giant banned crypto and Initial Coin Offering (ICO) r… [+1943 chars]",Google running crypto ads again as new policy goes into effect,https://cointelegraph.com/news/google-running-crypto-ads-again-as-new-policy-goes-into-effect,https://images.cointelegraph.com/images/1200_aHR0cHM6Ly9zMy5jb2ludGVsZWdyYXBoLmNvbS91cGxvYWRzLzIwMjEtMDgvN2M2NWU1NzItZmU3ZS00MWE1LTk1NjYtOWZjNzFjYzdlN2MyLmpwZw==.jpg
2021-08-04,2021-08-04T18:02:01,,GSMArena.com,Ricky,"Samsungs Galaxy foldables are going to be announced next week, but even before the phones become official, luxury smartphone seller Caviar has already unveiled its plans for the Galaxy Z Fold3 and Z … [+929 chars]","Caviar reveals luxury versions of Samsung Galaxy Z Fold3 and Z Flip3, decorated with skulls",https://www.gsmarena.com/caviar_reveals_luxury_versions_of_samsung_galaxy_z_fold3_and_z_flip3_decorated_with_skulls-news-50387.php,https://fdn.gsmarena.com/imgroot/news/21/08/caviar-z-flip3-fold3/-476x249w4/gsmarena_0000.jpg
2021-08-04,2021-08-04T17:00:34,,newsBTC,Best Owie,Wells Fargo had announced earlier in the year that they planned to offer cryptocurrency investments to clients. Something that was referred to as a professionally managed cryptocurrency investment. N… [+3011 chars],Wells Fargo Now Offers Cryptocurrency Investment To Clients,https://www.newsbtc.com/news/wells-fargo-offers-cryptocurrency-investment/,https://www.newsbtc.com/wp-content/uploads/2021/08/crypto-inesting.jpeg
2021-08-04,2021-08-04T11:00:00,,Yahoo Entertainment,PR Newswire,"TORONTO, Aug. 4, 2021 /PRNewswire/ - Hut 8 Mining Corp. (Nasdaq: HUT) (TSX: HUT) (""Hut 8"" or ""the Company""), one of North America's largest, innovation-focused digital asset mining pioneers supportin… [+6406 chars]",Hut 8 Mining Provides Production Update for July 2021; Craig-Hallum Initiates Coverage,https://finance.yahoo.com/news/hut-8-mining-provides-production-110000675.html,https://s.yimg.com/uu/api/res/1.2/yc8Wfop_APo5BAeD.6dwaw--~B/aD0xODg7dz00MDA7YXBwaWQ9eXRhY2h5b24-/https://media.zenfs.com/en/prnewswire.com/db3b7522573748af8092c61b462f02d9
2021-08-04,2021-08-04T19:00:58,,Bitcoinist,Hououin Kyouma,"Data shows someone has accidentally sold a CryptoPunks NFT, a popular digital collectibles line, for just one penny in Ethereum.
CryptoPunks NFT Sells For One Penny, Oops?
Back in 2017, CryptoPunks… [+2578 chars]",CryptoPunks NFT Accidentally Sells For One Penny Worth Of Ethereum,https://bitcoinist.com/cryptopunks-nft-accidentally-sells-for-one-penny-worth-of-ethereum/,https://bitcoinist.com/wp-content/uploads/2021/08/img.png
2021-08-04,2021-08-04T01:21:07,,Forbes,"Hailey Lennon, Senior Contributor, 
 Hailey Lennon, Senior Contributor
 https://www.forbes.com/sites/haileylennon/","Check in, Airport Departure &amp; Arrival information board sign taken in 2015.
getty
A relatively hidden provision in the $1 trillion bill plans to help pay for new roads and bridges by making the… [+423 chars]",Crypto Provision In Infrastructure Bill May Force Bitcoin Miners And Blockchain Companies To Flee U.S.,https://www.forbes.com/sites/haileylennon/2021/08/03/crypto-provision-in-infrastructure-bill-may-force-bitcoin-miners-and-blockchain-companies-to-flee-us/,https://thumbor.forbes.com/thumbor/fit-in/1200x0/filters%3Aformat%28jpg%29/https%3A%2F%2Fspecials-images.forbesimg.com%2Fimageserve%2F6109e7d86c6199f9a6cf31d1%2F0x0.jpg
2021-08-04,2021-08-04T15:20:00,,Cointelegraph,Cointelegraph By Sam Bourgi,"MakersPlace, a nonfungible token market dedicated to digital art, has secured $30 million in Series A financing, highlighting once again that venture funds are keen to back promising NFT plays.
The … [+2072 chars]","Pantera, Coinbase Ventures and Sony back NFT-focused MakersPlace in $30M Series A",https://cointelegraph.com/news/pantera-coinbase-ventures-and-sony-back-nft-focused-makersplace-in-30m-series-a,https://images.cointelegraph.com/images/1200_aHR0cHM6Ly9zMy5jb2ludGVsZWdyYXBoLmNvbS91cGxvYWRzLzIwMjEtMDgvM2ZhZDY0ZTUtNTcyOS00NGZjLWFmM2MtY2RlMjc3YmZmODUxLmpwZw==.jpg
2021-08-04,2021-08-04T12:29:00,,Yahoo Entertainment,PR Newswire,"Luxen is planning to collaborate with the K-Pop, sports, art and entertainment industries to help transition their content into the metaverse through the use of NFTs. 
HONG KONG, Aug. 4, 2021 /PRNew… [+3153 chars]",Xeno Holdings Establishes Joint Venture 'Luxen' in Partnership With Global Metaverse Developer 7K Immersion,https://finance.yahoo.com/news/xeno-holdings-establishes-joint-venture-122900724.html,https://s.yimg.com/uu/api/res/1.2/O9TDcdNttRxg_OCGOc2XWA--~B/aD0xNjt3PTE2O2FwcGlkPXl0YWNoeW9u/https://media.zenfs.com/en/prnewswire.com/ca2cd260dbdf88851a7db35b7f02dc68
2021-08-04,2021-08-04T11:50:00,,Forbes,"Nina Wolpow, Forbes Staff, 
 Nina Wolpow, Forbes Staff
 https://www.forbes.com/sites/ninawolpow/","Dannie Chu hopes to create the world's most trusted marketplace for premium digital art. 
MakersPlace
In 2020, Ryoma Ito, the cofounder and CMO of MakersPlace, a startup that mints and sells non-fu… [+4868 chars]","Former Sotheby's CEO, Eminem Team Up With Bessemer For $30 Million MakersPlace Round",https://www.forbes.com/sites/ninawolpow/2021/08/04/former-sothebys-ceo-eminem-bessemer-makersplace-round/,https://thumbor.forbes.com/thumbor/fit-in/1200x0/filters%3Aformat%28jpg%29/https%3A%2F%2Fspecials-images.forbesimg.com%2Fimageserve%2F6109f71c0eb5488c80d614e3%2F0x0.jpg
2021-08-04,2021-08-04T17:02:23,bloomberg,Bloomberg,Matt Levine,"Gensler v. crypto
The U.S. Securities and Exchange Commission is not in the general investor-protection business. If someone comes to you and offers you a cant-lose opportunity to buy Florida swampl… [+25815 chars]",Money Stuff: The SEC Has Its Eye on Crypto,https://www.bloomberg.com/news/newsletters/2021-08-04/money-stuff-the-sec-has-its-eye-on-crypto,https://assets.bwbx.io/images/users/iqjWHBFdfxIU/i0L.UVwxagCA/v0/1200x916.jpg
2021-08-04,2021-08-04T23:00:55,,Bitcoinist,Best Owie,Reddit Moons’ price has now surpassed the price of Dogecoin. The r/CryptoCurrency subreddit native coin Moons continues to see tremendous growth. Reddit Moons are now worth more than the popular meme… [+2959 chars],Reddit Moons Now Worth More Than Dogecoin In Impressive Takeover,https://bitcoinist.com/reddit-moons-now-worth-more-than-dogecoin-in-impressive-takeover/,https://bitcoinist.com/wp-content/uploads/2021/08/doge-and-reddit.jpeg
2021-08-04,2021-08-04T13:09:30,,Business Wire,,"NEW YORK--(BUSINESS WIRE)--Genesis, a digital asset industry pioneer and digital currency prime brokerage, today released its Q2 2021 Market Observations Report which highlights major trends across i… [+5000 chars]",Genesis Q2 Report Shows Decreasing Bitcoin Dominance and Hedge Funds Diving Into DeFi,https://www.businesswire.com/news/home/20210804005657/en/Genesis-Q2-Report-Shows-Decreasing-Bitcoin-Dominance-and-Hedge-Funds-Diving-Into-DeFi,https://mms.businesswire.com/media/20210804005657/en/793041/23/Genesis_logo.jpg
2021-08-04,2021-08-04T16:37:24,,Seeking Alpha,Brian Stewart,"Chip Somodevilla/Getty Images News
<ul> <li>U.S. Sen. Elizabeth Warren (D.-Mass.) said Wednesday that an expanding cryptocurrency market could pose a threat to the U.S. financial system if a proper … [+1652 chars]",Sen. Elizabeth Warren: Crypto markets might need bailout someday without proper regulation,https://seekingalpha.com/news/3725111-sen-elizabeth-warren-crypto-markets-might-need-bailout-someday-without-proper-regulation,https://static.seekingalpha.com/cdn/s3/uploads/getty_images/1304776014/large_image_1304776014.jpg
2021-08-04,2021-08-04T14:30:00,,Yahoo Entertainment,Danny Nelson,"Two DJs, the president of Morgan Stanley, an ecommerce kingpin and a smattering of other high-profile angel investors have joined behind-the-scenes blockchain startup Alchemy Insights’ $80 million Se… [+1736 chars]",Blockchain Developer Toolkit Alchemy Adds High-Profile Angels to $80M Series B,https://finance.yahoo.com/news/blockchain-developer-toolkit-alchemy-adds-143000775.html,https://s.yimg.com/uu/api/res/1.2/WrljfmxN76jkszJaEmeUIg--~B/aD0xMTIxO3c9MTcyODthcHBpZD15dGFjaHlvbg--/https://media.zenfs.com/en/coindesk_75/e7047b7ae806f5d70b495e12724ade98
2021-08-04,2021-08-04T08:44:13,,Yahoo Entertainment,Sebastian Sinclair,"Canadian precious-metals retailer Kitco is getting into the stablecoin game.
According to a press release shared with CoinDesk on Wednesday, Kitco Gold (KGLD) will be fully backed by physical gold h… [+1877 chars]",Global Precious Metals Retailer Kitco to Issue Gold-Backed Stablecoin,https://finance.yahoo.com/news/global-precious-metals-retailer-kitco-084413793.html,https://s.yimg.com/uu/api/res/1.2/SGtFPipAZ7PCOQqMkRPbPQ--~B/aD0xMTI1O3c9MTUwMDthcHBpZD15dGFjaHlvbg--/https://media.zenfs.com/en/coindesk_75/e16988763255d3124fba9b19a2b639f6
2021-08-04,2021-08-04T17:54:28,,Bitcoin Magazine,Alex McShane,"Ray Dalio, co-chief investment officer of Bridgewater Associates, one of the world’s largest hedge funds, owns some Bitcoin, but in an interview with CNBCtoday he demonstrated that he doesn’t underst… [+2600 chars]",Ray Dalio Still Prefers Gold Over Bitcoin: Here’s Why He’s Wrong,https://bitcoinmagazine.com/business/ray-dalio-still-wrong-about-bitcoin,https://bitcoinmagazine.com/.image/t_share/MTgyOTE1NjE0NzMyNDYxNDA4/web_summit_2018_-_centre_stage_-_day_2_november_7_dsc_5234_30828439497.jpg
2021-08-04,2021-08-04T10:00:10,cbs-news,CBS News,,"In this episode of ""Intelligence Matters,"" host Michael Morell speaks with Jonathan Levin, a thought leader on cryptocurrencies and the chief strategy officer at Chainalysis, a leading anti-money lau… [+29625 chars]",Addressing the ransomware threat: Cyber expert Jonathan Levin,https://www.cbsnews.com/news/addressing-the-ransomware-threat-cyber-expert-jonathan-levin-on-intelligence-matters-podcast/,https://cbsnews2.cbsistatic.com/hub/i/r/2021/07/06/37c56d0a-6a31-44e0-905f-a12d298c0878/thumbnail/1200x630/aa29881122324a19f537d5f07298dc48/ransomware-gettyimages-1208615662.jpg
2021-08-04,2021-08-04T13:27:34,,Cointelegraph,Cointelegraph By William Suberg,"Bitcoin (BTC) hit 24-hour highs later on Wednesday as fresh comments from the United States regulatory sphere boosted flagging price action.
BTC/USD 1-hour candle chart (Bitstamp). Source: TradingVi… [+2487 chars]",Bitcoin hits $39K highs as SEC Chair comments give BTC price 2% boost,https://cointelegraph.com/news/bitcoin-hits-39k-highs-as-sec-chair-comments-give-btc-price-2-boost,https://images.cointelegraph.com/images/1200_aHR0cHM6Ly9zMy5jb2ludGVsZWdyYXBoLmNvbS91cGxvYWRzLzIwMjEtMDgvYzhiYmM4NmUtMDViMC00YWE4LTg5NjktZDc1ODllOWZkMTc2LmpwZw==.jpg
2021-08-04,2021-08-04T20:30:00,,Cointelegraph,Cointelegraph By Sam Bourgi,"Akoin, the cryptocurrency project developed by Senegalese-American singer Akon, has achieved success in its initial pilot testing at western Kenyas Mwale Medical Technology City, or MMTC, preparing f… [+2129 chars]",Akon’s Akoin pilot heralded a success; eyes countrywide rollout in Kenya,https://cointelegraph.com/news/akon-s-akoin-pilot-heralded-a-success-eyes-countrywide-rollout-in-kenya,https://images.cointelegraph.com/images/1200_aHR0cHM6Ly9zMy5jb2ludGVsZWdyYXBoLmNvbS91cGxvYWRzLzIwMjEtMDgvNTc0ZGY2YmMtOGIwNi00NjJiLWFjM2UtOTI5MjhmZTNkNzM0LmpwZw==.jpg
2021-08-04,2021-08-04T14:13:09,,ValueWalk,Jacob Wolinsky,"Following is the unofficial transcript of a CNBC exclusive interview with SEC Chair Gary Gensler on CNBCs Squawk Box (M-F, 6AM-9AM ET) today, Wednesday, August 4th. Following is a link to video on CN… [+14480 chars]",SEC Chair Gary Gensler On Cryptocurrency Regulation,https://www.valuewalk.com/sec-chair-gary-gensler-cryptocurrency-regulation/,https://www.valuewalk.com/wp-content/uploads/2021/06/SEC-Chairman-Gary-Gensler.jpg
